library,B1,B2,aa,pos,mut
36062,28493,30860,,-1,
1401,7067,1274,T,145,S
1304,82,319,T,145,L
1256,0,0,T,145,P
1203,46,1063,G,148,L
1149,300,2609,R,153,L
1127,2746,1152,D,147,L
1096,248,265,V,154,*
1013,4499,1586,L,143,S
911,265,0,G,148,T
899,18,0,V,154,L
768,0,3268,T,145,A
766,914,878,N,157,L
732,12,0,L,143,R
680,11,294,M,150,L
674,240,660,I,144,L
666,396,0,T,145,I
657,28,1314,I,139,L
611,39,0,I,144,T
590,0,0,S,149,L
574,488,0,T,145,K
572,0,0,V,154,F
549,662,802,N,157,R
537,0,547,L,143,K
529,0,0,L,143,G
529,388,760,T,145,F
521,0,0,E,141,L
509,0,564,R,153,S
508,1771,197,D,147,G
504,0,0,I,138,R
502,0,0,G,148,M
502,0,0,I,138,L
498,47,0,I,138,P
488,0,0,I,156,L
486,0,0,I,138,S
485,0,0,G,148,S
482,274,143,K,137,L
478,3500,0,R,153,E
476,0,0,V,154,S
470,0,0,I,144,*
467,49,217,L,151,R
463,82,0,V,154,R
461,0,52,D,147,W
460,0,0,I,138,T
460,166,0,L,151,S
458,0,0,I,138,V
457,72,218,S,158,T
456,0,0,D,147,V
451,0,0,G,148,A
445,3695,0,L,143,*
445,281,0,V,154,I
437,17,139,R,142,L
434,0,0,T,155,P
431,746,48,S,158,R
428,0,175,L,143,M
421,0,0,T,145,Q
417,0,871,K,137,Q
417,0,0,T,145,W
415,1011,0,T,145,V
412,0,259,E,141,P
408,0,0,V,154,Y
398,0,0,I,144,W
394,0,228,T,145,M
393,0,0,T,155,L
392,0,0,I,144,S
388,0,0,F,152,Q
382,100,0,V,154,G
377,0,0,G,148,R
376,0,0,E,141,T
375,0,0,V,154,A
374,110,143,N,157,T
373,0,0,L,143,F
370,323,176,S,158,V
369,0,0,V,154,P
368,1177,279,N,136,R
367,345,368,I,139,F
367,0,0,F,152,W
359,0,0,L,143,C
357,0,0,F,152,S
356,0,0,T,145,R
356,20,0,L,143,W
354,21,12,F,152,L
354,293,156,I,144,V
354,198,0,S,158,*
351,0,0,R,153,P
351,0,0,R,142,P
349,0,0,G,148,V
347,0,77,L,143,T
347,164,0,R,153,I
344,317,0,T,145,H
339,231,331,K,137,V
339,313,0,K,137,T
339,0,0,V,154,W
337,0,0,L,151,F
337,0,0,E,141,V
336,36,0,K,137,P
335,0,0,D,147,T
332,0,0,I,144,P
331,0,0,G,148,H
330,0,0,L,151,*
330,25,0,E,141,N
328,316,0,N,157,S
327,0,0,M,150,R
323,0,0,V,154,M
322,0,0,D,147,S
317,0,0,I,139,R
315,0,0,L,143,I
313,233,0,E,141,S
311,0,0,M,150,C
309,48,0,T,145,Y
308,232,0,M,150,P
305,0,0,R,142,E
303,0,0,I,156,R
300,0,0,I,156,S
299,0,0,S,149,R
299,407,0,G,148,W
299,0,10438,N,157,D
299,0,0,T,145,*
295,887,74,K,137,Y
293,48,23,M,150,I
292,0,0,G,148,P
288,0,261,I,139,V
287,0,0,D,147,H
286,0,0,E,141,R
280,32,70,S,149,N
278,266,250,I,139,A
277,18,0,L,143,P
275,1121,0,T,155,H
272,0,0,K,137,S
271,0,0,S,149,V
269,229,0,I,144,K
268,281,225,S,158,M
267,0,0,G,148,F
267,42,55,E,141,D
267,0,0,M,150,E
267,0,0,N,157,F
265,0,0,L,143,H
264,0,53,L,143,Y
264,0,352,T,145,G
263,0,0,L,151,G
262,0,0,I,138,*
260,0,12,F,152,Y
256,683,428,N,157,M
255,0,0,I,144,N
253,648,0,S,158,A
247,693,222,L,151,Q
246,0,0,E,141,Y
245,0,0,F,152,R
243,504,0,T,145,N
243,584,0,N,157,V
241,23,0,K,137,M
240,0,0,L,143,Q
240,152,341,K,137,D
239,0,0,I,144,G
239,1649,608,R,153,K
238,32,27,R,142,S
238,0,0,I,156,V
237,0,0,D,140,N
235,0,0,I,139,D
234,0,0,I,156,A
233,0,0,K,137,R
233,0,0,M,150,N
230,0,0,M,150,S
230,0,192,L,143,A
228,130,0,K,137,H
224,100,251,L,151,E
223,17,0,S,158,L
220,0,0,I,138,N
218,10,0,L,151,M
218,0,0,R,142,Y
217,0,0,I,156,W
216,0,0,D,147,Y
214,341,0,I,144,M
213,0,0,R,142,Q
213,1004,0,R,153,W
211,0,0,I,156,M
209,0,0,I,139,Q
208,285,0,R,153,M
206,0,0,E,141,M
203,0,11,S,149,P
202,0,0,T,155,F
202,0,0,I,138,Q
201,0,0,D,140,R
200,0,0,I,156,P
200,0,0,D,147,K
198,0,32,L,143,V
198,0,0,L,151,W
198,358,0,G,148,K
197,0,0,I,156,H
196,0,0,S,149,T
196,0,0,I,138,F
195,0,0,M,150,V
193,543,0,K,137,*
191,0,0,D,140,G
189,0,0,D,140,S
187,0,0,N,157,A
185,0,0,G,148,I
180,0,61,N,136,M
179,0,196,R,153,T
179,204,0,S,158,E
177,0,0,K,137,C
177,0,0,N,136,V
175,0,0,M,150,Q
174,0,0,I,139,P
174,0,401,K,137,I
173,0,0,D,147,R
172,941,0,L,151,A
172,0,0,I,144,Y
171,0,0,F,152,M
171,0,0,F,152,*
170,0,0,I,144,R
170,0,0,T,155,W
167,38,0,I,144,E
167,0,0,K,137,A
166,0,0,R,142,A
164,0,50,S,158,K
164,0,0,I,156,T
163,158,0,F,152,V
163,0,0,T,155,S
163,0,0,D,140,P
163,0,0,K,137,G
162,4894,277,T,145,E
162,104,0,N,136,A
161,0,280,N,136,L
158,0,0,M,150,Y
158,0,0,S,149,I
155,10,0,N,136,S
154,0,0,I,138,M
153,0,0,I,138,K
152,0,0,D,140,L
152,0,0,E,141,F
151,0,0,D,147,*
151,12,11,M,150,K
150,0,0,T,155,K
149,676,0,L,151,I
147,1087,0,N,157,P
145,0,0,N,136,W
144,291,0,F,152,T
144,0,0,V,154,K
144,0,0,F,152,K
142,0,12,E,141,*
142,347,0,N,157,G
141,236,20,N,157,C
139,0,0,I,138,C
139,0,0,S,158,W
139,0,0,I,156,Q
138,0,0,R,153,C
137,813,0,R,153,Q
136,0,0,I,156,E
135,0,576,K,137,F
132,0,37,T,155,A
132,0,0,T,155,*
132,0,280,I,139,S
132,0,0,G,148,C
131,0,129,R,153,Y
130,0,0,I,138,G
129,0,0,V,154,H
127,184,0,S,149,H
127,0,0,M,150,F
124,0,0,I,138,A
123,0,0,T,155,V
123,789,0,R,153,A
123,0,0,F,152,I
122,0,0,M,150,D
121,0,0,D,147,F
121,59,0,D,147,N
121,0,0,N,157,W
121,0,0,I,156,*
120,0,0,V,154,Q
120,0,0,S,149,*
119,0,0,D,147,Q
118,0,457,S,158,D
118,0,0,V,154,D
117,102,53,I,139,M
117,0,1532,S,149,E
117,0,0,T,155,G
116,0,0,L,151,P
115,0,0,R,142,C
115,0,0,T,155,M
114,197,0,S,158,P
114,0,0,I,138,Y
113,124,0,N,136,Q
113,0,303,V,154,T
113,563,235,N,157,I
113,0,0,E,141,I
112,0,0,N,136,D
112,15,162,S,149,Q
111,0,0,I,138,W
111,0,0,S,149,K
111,0,0,N,136,T
110,0,0,I,139,W
110,0,0,R,142,D
110,147,0,I,144,F
109,0,0,S,158,G
107,0,0,V,154,E
106,0,0,M,150,T
105,0,0,D,140,V
105,0,256,S,158,Q
105,15,0,S,158,H
105,0,0,T,145,C
104,0,0,D,140,Y
102,0,0,M,150,*
101,0,410,S,158,C
99,0,0,V,154,C
99,0,0,I,139,K
98,0,0,R,142,N
98,0,0,R,153,F
98,167,0,T,155,Q
97,0,0,D,140,H
97,0,0,I,156,K
96,0,0,R,153,H
95,0,0,I,156,F
95,0,0,R,142,H
95,0,0,F,152,D
94,0,0,N,136,*
93,0,0,R,142,K
93,0,0,S,149,G
91,1077,0,S,149,M
89,0,0,L,151,T
89,0,0,E,141,W
87,0,0,S,149,W
87,0,0,F,152,G
85,0,0,S,149,F
85,0,0,K,137,N
84,74,0,S,158,I
84,0,0,D,140,I
84,0,0,G,148,D
82,0,0,G,148,E
82,773,0,R,153,G
81,10,0,S,158,Y
81,0,0,L,143,E
80,0,0,N,157,*
80,0,0,K,137,W
80,0,0,R,153,*
79,286,12,T,155,N
77,0,0,G,148,*
76,0,0,I,156,Y
75,0,0,R,153,V
74,0,0,L,151,V
74,0,0,I,139,H
73,0,0,T,155,I
71,0,0,R,142,M
71,0,29,G,148,N
71,0,0,D,140,*
70,0,0,R,142,W
70,0,0,I,144,A
70,0,0,I,144,C
69,0,0,L,151,K
68,0,0,T,145,D
68,0,280,I,139,N
67,0,0,M,150,G
66,0,0,I,156,G
66,83,0,I,139,*
66,18,0,S,149,Y
65,0,0,D,147,I
64,0,286,G,148,Y
63,0,0,N,157,Q
60,0,0,M,150,H
60,0,0,N,136,H
60,265,0,T,155,C
60,0,0,D,147,A
60,0,0,R,153,N
58,0,0,M,150,A
58,0,0,I,138,E
58,0,0,D,140,W
56,0,0,L,151,D
55,0,980,T,155,R
53,0,0,L,151,C
53,0,0,N,157,E
53,54,0,I,138,H
52,0,0,D,140,A
52,0,0,V,154,N
51,0,0,L,151,N
50,0,0,D,140,Q
50,0,0,D,140,K
49,0,138,N,136,G
49,0,0,M,150,W
49,164,0,N,136,K
49,0,0,E,141,K
47,24,358,N,136,F
46,0,0,N,136,P
44,0,0,S,149,C
43,0,0,D,140,T
42,0,0,G,148,Q
42,0,0,F,152,E
40,0,0,E,141,A
39,0,0,S,149,A
39,0,0,K,137,E
39,0,0,D,140,F
37,0,0,F,152,C
37,0,0,E,141,C
37,0,0,T,155,Y
35,0,0,F,152,P
35,0,0,S,158,F
35,0,0,I,156,C
34,0,0,N,157,Y
34,0,0,N,136,E
33,0,0,D,140,E
30,0,0,D,140,M
29,32,0,I,139,E
28,0,0,I,139,Y
27,0,0,I,139,C
26,11,11,N,157,K
25,0,11,I,156,N
24,0,0,I,156,D
22,0,0,T,155,D
21,0,0,S,149,D
21,0,0,T,155,E
21,0,0,R,142,I
20,0,0,R,142,T
20,0,0,F,152,N
19,0,0,R,142,V
19,0,0,N,136,Y
16,0,0,N,157,H
16,0,0,L,143,N
16,0,0,R,142,*
15,0,0,R,142,F
13,0,0,I,144,H
13,0,0,R,142,G
13,62,0,I,139,T
12,0,0,L,151,H
12,0,0,L,143,D
11,0,0,N,136,I
11,0,0,P,146,H
11,0,0,L,151,Y
10,0,0,R,153,D
10,0,19,P,146,T
0,0,90,S,158,N
